model,B,L,d_l,d_a,d_v,params_M,trainable_M,model_size_MB,FLOPs_G,latency_ms_mean,latency_ms_std,latency_ms_p50,latency_ms_p95,throughput_samples_s,peak_mem_MB,repeats
Ours w\o RAG,8,100,4096,1024,512,38.866,38.866,74.13,45.213,73.75798823680573,1.3075825951211102,73.28157051233575,75.90787901426665,108.4628281117888,1493.80224609375,30
Ours w T RAG,8,100,4096,1024,512,38.866,38.866,74.13,45.213,59.92350579957323,1.3679981073734844,59.50089549878612,61.55717000365257,133.50353743917594,1493.80224609375,30
Ours w A RAG,8,100,4096,1024,512,38.866,38.866,74.13,45.213,61.010318999372736,0.9026263520466201,60.75054699613247,62.742558016907424,131.12535930327212,1493.80224609375,30
Ours w V RAG,8,100,4096,1024,512,38.866,38.866,74.13,45.213,60.722445131007895,1.8927983270300108,59.88804198568687,64.8509319871664,131.7470003511898,1493.80224609375,30
Ours w TA RAG,8,100,4096,1024,512,38.866,38.866,74.13,45.213,61.02022126724478,1.652983801510418,60.414338993723504,64.65944700175896,131.10408048117557,1493.80224609375,30
Ours w TV RAG,8,100,4096,1024,512,38.866,38.866,74.13,45.213,59.52779709671935,1.2749040717350557,59.100887505337596,61.86630800948478,134.39099698249862,1493.80224609375,30
Ours w AV RAG,8,100,4096,1024,512,38.866,38.866,74.13,45.213,61.41609960080435,1.5735971992324405,61.01292950916104,63.00636299420148,130.25900459323904,1493.80224609375,30
Ours,8,100,4096,1024,512,38.866,38.866,74.13,45.213,66.87723522773013,1.4573108169855689,66.25742703909054,68.9389220206067,119.62216997694998,1493.80615234375,30
MULT,8,100,4096,1024,512,684.434,684.434,1305.45,772.897,189.0479915581333,9.950688917027945,195.15418243827298,198.60781205352396,42.317296968161415,1542.7236328125,30

model,params_M,trainable_M,model_size_MB,FLOPs_G,latency_ms_mean,latency_ms_std,latency_ms_p50,latency_ms_p95,throughput_samples_s,peak_mem_MB,repeats
Ours w\o RAG,38.866,38.866,74.13,45.213,60.064998768696874,1.3829370742240104,59.477924995007925,61.87234300887212,133.18904793134257,1493.80224609375,30
Ours w T RAG,38.866,38.866,74.13,45.213,59.92350579957323,1.3679981073734844,59.50089549878612,61.55717000365257,133.50353743917594,1493.80224609375,30
Ours w A RAG,38.866,38.866,74.13,45.213,61.010318999372736,0.9026263520466201,60.75054699613247,62.742558016907424,131.12535930327212,1493.80224609375,30
Ours w V RAG,38.866,38.866,74.13,45.213,60.722445131007895,1.8927983270300108,59.88804198568687,64.8509319871664,131.7470003511898,1493.80224609375,30
Ours w TA RAG,38.866,38.866,74.13,45.213,61.02022126724478,1.652983801510418,60.414338993723504,64.65944700175896,131.10408048117557,1493.80224609375,30
Ours w TV RAG,38.866,38.866,74.13,45.213,59.52779709671935,1.2749040717350557,59.100887505337596,61.86630800948478,134.39099698249862,1493.80224609375,30
Ours w AV RAG,38.866,38.866,74.13,45.213,61.41609960080435,1.5735971992324405,61.01292950916104,63.00636299420148,130.25900459323904,1493.80224609375,30
Ours,38.866,38.866,74.13,45.213,61.571876335074194,0.5728161711614165,61.46766149322502,62.25717600318603,129.9294495503758,1493.8046875,30
MULT,684.434,684.434,1305.45,772.897,189.0479915581333,9.950688917027945,195.15418243827298,198.60781205352396,42.317296968161415,1542.7236328125,30

Ours,8,100,4096,1024,512,38.866,38.866,74.13,45.213,61.571876335074194,0.5728161711614165,61.46766149322502,62.25717600318603,129.9294495503758,1493.8046875,30
Ours w\o RAG,8,100,4096,1024,512,38.866,38.866,74.13,45.213,60.064998768696874,1.3829370742240104,59.477924995007925,61.87234300887212,133.18904793134257,1493.80224609375,30

model,params_M,model_size_MB,FLOPs_G,latency_ms_mean,latency_ms_std,latency_ms_p50,latency_ms_p95,throughput_samples_s,peak_mem_MB
Ours w\o RAG,38.866,74.13,45.213,60.064998768696874,1.3829370742240104,59.477924995007925,61.87234300887212,133.18904793134257,1493.80224609375
Ours w T RAG,38.866,74.13,45.213,59.92350579957323,1.3679981073734844,59.50089549878612,61.55717000365257,133.50353743917594,1493.80224609375
Ours w A RAG,38.866,74.13,45.213,61.010318999372736,0.9026263520466201,60.75054699613247,62.742558016907424,131.12535930327212,1493.80224609375
Ours w V RAG,38.866,74.13,45.213,60.722445131007895,1.8927983270300108,59.88804198568687,64.8509319871664,131.7470003511898,1493.80224609375
Ours w TA RAG,38.866,74.13,45.213,61.02022126724478,1.652983801510418,60.414338993723504,64.65944700175896,131.10408048117557,1493.80224609375
Ours w TV RAG,38.866,74.13,45.213,59.52779709671935,1.2749040717350557,59.100887505337596,61.86630800948478,134.39099698249862,1493.80224609375
Ours w AV RAG,38.866,74.13,45.213,61.41609960080435,1.5735971992324405,61.01292950916104,63.00636299420148,130.25900459323904,1493.80224609375
Ours,38.866,74.13,45.213,61.571876335074194,0.5728161711614165,61.46766149322502,62.25717600318603,129.9294495503758,1493.8046875
MULT,684.434,1305.45,772.897,189.0479915581333,9.950688917027945,195.15418243827298,198.60781205352396,42.317296968161415,1542.7236328125